{"name":"bf5e0689-538a-4849-acb0-1a490c33c58d","id":"/providers/Microsoft.Flow/flows/bf5e0689-538a-4849-acb0-1a490c33c58d","type":"Microsoft.Flow/flows","properties":{"apiId":"/providers/Microsoft.PowerApps/apis/shared_logicflows","displayName":"USer suggestions flow - Recruitment App","definition":{"metadata":{"workflowEntityId":null,"processAdvisorMetadata":null,"flowclientsuspensionreason":"None","flowclientsuspensiontime":null,"creator":{"id":"48b7dd59-1190-4ed6-ac83-dfea99fa7349","type":"User","tenantId":"870d9d54-3c8e-417d-8b75-8bef7f14599e"},"provisioningMethod":"FromDefinition","failureAlertSubscription":true,"clientLastModifiedTime":"2022-03-30T06:17:06.8278045Z"},"$schema":"https://schema.management.azure.com/providers/Microsoft.Logic/schemas/2016-06-01/workflowdefinition.json#","contentVersion":"1.0.0.0","parameters":{"$connections":{"defaultValue":{},"type":"Object"},"$authentication":{"defaultValue":{},"type":"SecureObject"}},"triggers":{"manual":{"metadata":{"operationMetadataId":"35da15f2-633e-49b0-8dc8-26a95305fcc9"},"type":"Request","kind":"PowerApp","inputs":{"schema":{"type":"object","properties":{"Initializevariable_Value":{"type":"string","description":"Enter initial value","x-ms-powerflows-param-ispartial":false},"Initializevariable2_Value":{"type":"string","description":"Enter initial value","x-ms-powerflows-param-ispartial":false},"Initializevariable3_Value":{"type":"string","description":"Enter initial value","x-ms-powerflows-param-ispartial":false}},"required":["Initializevariable_Value","Initializevariable2_Value","Initializevariable3_Value"]}}}},"actions":{"Initialize_variable":{"runAfter":{},"metadata":{"operationMetadataId":"3f98e138-eedf-42fb-9b41-7866c969eb39"},"type":"InitializeVariable","inputs":{"variables":[{"name":"type","type":"string","value":"@{triggerBody()['Initializevariable_Value']}"}]}},"Initialize_variable_2":{"runAfter":{"Initialize_variable":["Succeeded"]},"metadata":{"operationMetadataId":"9e2354d6-8837-420d-b8b3-2307ec7d18cc"},"type":"InitializeVariable","inputs":{"variables":[{"name":"querybody","type":"string","value":"@{triggerBody()['Initializevariable2_Value']}"}]}},"Initialize_variable_3":{"runAfter":{"Initialize_variable_2":["Succeeded"]},"metadata":{"operationMetadataId":"4e5eaec3-ce77-4cb2-97a2-827e1d12813d"},"type":"InitializeVariable","inputs":{"variables":[{"name":"Sender","type":"string","value":"@{triggerBody()['Initializevariable3_Value']}"}]}},"Send_an_email_(V2)":{"runAfter":{"Initialize_variable_3":["Succeeded"]},"metadata":{"operationMetadataId":"2d2accb3-7991-490d-b21e-4fb0bb7e33a7"},"type":"OpenApiConnection","inputs":{"host":{"apiId":"/providers/Microsoft.PowerApps/apis/shared_office365","connectionName":"shared_office365","operationId":"SendEmailV2"},"parameters":{"emailMessage/To":"swastir@powerlex.onmicrosoft.com","emailMessage/Subject":"A new query regarding HR App","emailMessage/Body":"<p>Hi.<br>\n<br>\nHere is a new query from the user - @{variables('Sender')}.<br>\nPFB the details:<br>\nType : @{variables('type')}<br>\nBody: @{variables('querybody')}<br>\n<br>\nRegards<br>\n.....</p>"},"authentication":{"value":"@json(decodeBase64(triggerOutputs().headers['X-MS-APIM-Tokens']))['$ConnectionKey']","type":"Raw"}}}}},"connectionReferences":{"shared_office365":{"connectionName":"shared-office365-87952e2d-04d4-41bb-8ce9-5d9e30217bae","source":"Invoker","id":"/providers/Microsoft.PowerApps/apis/shared_office365","tier":"NotSpecified"}},"flowFailureAlertSubscribed":false}}