{"schemaVersion":"1.0","appDefinitionTemplate":{"id":"/providers/Microsoft.PowerApps/apps/","type":"Microsoft.PowerApps/apps","tags":{"primaryDeviceWidth":"1366","primaryDeviceHeight":"768","sienaVersion":"20220330T081359Z-3.22022.31.0","deviceCapabilities":"","supportsPortrait":"true","supportsLandscape":"true","primaryFormFactor":"Tablet","publisherVersion":"3.22022.31","minimumRequiredApiVersion":"2.2.0","hasComponent":"false","hasUnlockedComponent":"false","isUnifiedRootApp":"false"},"properties":{"appVersion":"2022-03-30T08:13:59Z","lifeCycleId":"Published","createdByClientVersion":{"major":3,"minor":22022,"build":31,"revision":0,"majorRevision":0,"minorRevision":0},"minClientVersion":{"major":3,"minor":22022,"build":31,"revision":0,"majorRevision":0,"minorRevision":0},"backgroundColor":"RGBA(0,176,240,1)","backgroundImageUri":"/13987005543179778136/N9dc01b09-cf00-49b9-b532-c0aa4d7c3ffa-logoSmallFile","displayName":"HR Recruitments App","description":"","commitMessage":"","appUris":{"documentUri":{"value":"/13987005543179778136/N41d3d130-8b70-4b7c-ac3c-09f3daaf2a84-document.msapp"},"imageUris":[]},"createdTime":"0001-01-01T00:00:00Z","lastModifiedTime":"0001-01-01T00:00:00Z","sharedGroupsCount":0,"sharedUsersCount":0,"icons":{"smallIconUri":"/13987005543179778136/Nb10a9f23-6d24-4f61-b7d9-850f2bd0496d-small.png","mediumIconUri":"/13987005543179778136/N1b6bd7bf-970b-4a2d-8873-e57970eab642-medium.png","largeIconUri":"/13987005543179778136/N2bd50838-e6e6-45ce-8cc3-37ca8cecd700-large.png","wideIconUri":"/13987005543179778136/Nacf22068-2ac7-4ebd-87ea-5023cdc4bd3d-wide.png"},"connectionReferences":{"e4c61c46-df93-42be-99b8-0ca623f37e26":{"id":"8471658e-038d-4a4a-8289-1cf8148ab373","displayName":"SharePoint","iconUri":"https://connectoricons-prod.azureedge.net/releases/v1.0.1563/1.0.1563.2732/sharepointonline/icon.png","dataSources":["Applications","Candidates","Recruiters","Roles Available"],"dependencies":[],"dependents":[],"parameterHints":{},"parameterHintsV2":{},"isOnPremiseConnection":false,"bypassConsent":false,"dataSets":{"https://powerlex.sharepoint.com/sites/PLApplications":{"dataSources":{"Applications":{"tableName":"0bf2e9fb-9a79-4c2c-aafb-b6e1161b5d87"},"Candidates":{"tableName":"cfe01446-a28c-45ab-936e-c972becfac82"},"Recruiters":{"tableName":"206870f4-98fd-4545-9e9e-f358765ec88e"},"Roles Available":{"tableName":"3c63e6b6-1e17-4b36-ac40-eafb2ca846b4"}}}},"apiTier":"Standard","isCustomApiConnection":false,"actions":["providers/PowerPlatform.Governance/Operations/Read","providers/PowerPlatform.Governance/Operations/Write"]},"f56d7c2a-02df-48ba-a3ab-40db1d15013b":{"id":"fb8a3069-347e-4274-b726-c9e38b6fe24e","displayName":"Logic flows","iconUri":"https://connectoricons-prod.azureedge.net/releases/v1.0.1534/1.0.1534.2605/logicflows/icon.png","dataSources":["USersuggestionsflow-RecruitmentApp"],"dependencies":["c61357c5-7ec5-4b9c-8918-d5bfdf25de7f"],"dependents":[],"parameterHints":{"workflowName":{"value":"aed748d7-968e-4afa-a418-e37a2bc89697"},"workflowEntityId":{},"c61357c5-7ec5-4b9c-8918-d5bfdf25de7f":{"value":"shared_office365"}},"parameterHintsV2":{"workflowName":{"value":"aed748d7-968e-4afa-a418-e37a2bc89697"},"workflowEntityId":{},"shared_office365":{"value":"c61357c5-7ec5-4b9c-8918-d5bfdf25de7f"}},"isOnPremiseConnection":false,"bypassConsent":false,"dataSets":{},"apiTier":"Standard","isCustomApiConnection":false,"actions":["Run"],"nestedActions":[{"id":"/providers/Microsoft.PowerApps/apis/shared_office365/apiOperations/SendEmailV2","apiName":"Office 365 Outlook","actionName":"SendEmailV2","referencedResources":[]}]},"c61357c5-7ec5-4b9c-8918-d5bfdf25de7f":{"id":"b12fb289-fe04-40b2-b63a-2d1e02a35e0a","displayName":"Office 365 Outlook","iconUri":"https://connectoricons-prod.azureedge.net/releases/v1.0.1566/1.0.1566.2741/office365/icon.png","dataSources":[],"dependencies":[],"dependents":["f56d7c2a-02df-48ba-a3ab-40db1d15013b"],"parameterHints":{},"parameterHintsV2":{},"isOnPremiseConnection":false,"bypassConsent":false,"dataSets":{},"apiTier":"Standard","isCustomApiConnection":false}},"databaseReferences":{},"almMode":"Environment","performanceOptimizationEnabled":true,"canConsumeAppPass":true,"executionRestrictions":{"isTeamsOnly":false,"dataLossPreventionEvaluationResult":{"status":"Compliant","lastEvaluationDate":"2022-03-30T08:14:19.7293866Z","violations":[],"violationsByPolicy":[],"violationErrorMessage":"The app uses the following connectors: shared_sharepointonline, shared_logicflows, shared_office365."},"httpActionRestriction":{"appUsesSharepointHttpAction":false,"enforcementStrategy":"Legacy","evaluationTime":"2022-03-30T08:14:19.7293866Z"}}},"appType":"ClassicCanvasApp","appComponents":[]}}